Workbook

Sheet Master
B2: SARVEXAN 2026 -27
B3: SR. NO. | C3: ID | D3: NAME | E3: TOTAL | F3: 3-Apr | G3: 10-Apr | H3: 17-Apr
B4: 1 | C4: SK 1 | D4: PATEL KETAN CHANDUBHAI | E4: =COUNT('1'!A4:A10) | F4: ='1'!J11 | G4: ='1'!K11 | H4: ='1'!L11
B5: 2 | C5: SK 2 | D5: PATEL ARTH KALPESHKUMAR | E5: =COUNT('2'!A4:A17) | F5: ='2'!J18 | G5: ='2'!K18 | H5: ='2'!L18
B6: 3 | C6: SK 3 | D6: PATEL DHRUV ANILBHAI | E6: =COUNT('3'!A4:A14) | F6: ='3'!J15 | G6: ='3'!K15 | H6: ='3'!L15
B7: 4 | C7: SK 4 | D7: PATEL DARSHAN VINODBHAI | E7: =COUNT('4'!A4:A8) | F7: ='4'!J9 | G7: ='4'!K9 | H7: ='4'!L9
B8: 5 | C8: SK 5 | D8: PATEL DIVYA PRAGANESHBHAI | E8: =COUNT('5'!A4:A11) | F8: ='5'!J12 | G8: ='5'!K12 | H8: ='5'!L12
B9: 6 | C9: SK 6 | D9: PATEL DHRUVKUMAR UMESHBHAI | E9: =COUNT('6'!A4:A9) | F9: ='6'!J10 | G9: ='6'!K10 | H9: ='6'!L10
B10: 7 | C10: SK 7 | D10: PATOLIYA ANKUR CHANDULAL | E10: =COUNT('7'!A4:A10) | F10: ='7'!J11 | G10: ='7'!K11 | H10: ='7'!L11
B11: 8 | C11: SK 8 | D11: RATHVA HARDIK RAYSINGBHAI | E11: =COUNT('8'!A4:A14) | F11: ='8'!J15 | G11: ='8'!K15 | H11: ='8'!L15
B12: 9 | C12: SK 9 | D12: RAJ RAVI JAYESHBHAI | E12: =COUNT('9'!A4:A17) | F12: ='9'!J18 | G12: ='9'!K18 | H12: ='9'!L18
B13: 10 | C13: SK 10 | D13: PATEL HENIL SHAILESHBHAI | E13: =COUNT('10'!A4:A12) | F13: ='10'!J13 | G13: ='10'!K13 | H13: ='10'!L13
B14: 11 | C14: SK 11 | D14: PARMAR SHASHANK | E14: =COUNT('11'!A4:A8) | F14: ='11'!J9 | G14: ='11'!K9 | H14: ='11'!L9
B15: 12 | C15: SK 12 | D15: PATEL YASH KETANBHAI | E15: =COUNT('12'!A4:A26) | F15: ='12'!J27 | G15: ='12'!K27 | H15: ='12'!L27
B16: 13 | C16: SK 13 | D16: PARMAR SHUBHAM BHANUPRASAD | E16: =COUNT('13'!A4:A19) | F16: ='13'!J20 | G16: ='13'!K20 | H16: ='13'!L20
B17: 14 | C17: SK 14 | D17: PATEL BHUPENDRABHAI NANUBHAI | E17: =COUNT('14'!A4:A11) | F17: ='14'!J12 | G17: ='14'!K12 | H17: ='14'!L12
B18: 15 | C18: UK 1 | D18: Bhabhor kashyap Sureshbhai | E18: =COUNT('15'!A4:A12) | F18: ='15'!J13 | G18: ='15'!K13 | H18: ='15'!L13
B19: 16 | C19: NEW | D19: New yuvaks (not yet assigned to a group) | E19: =COUNT('New'!A3:A18) | F19: ='New'!J19 | G19: ='New'!K19 | H19: ='New'!L19
B20: TOTAL | E20: =SUM(E4:E19) | F20: =SUM(F4:F19) | G20: =SUM(G4:G19) | H20: =SUM(H4:H19)

Sheet 1
A1: YUVAK SAMPARK LIST 2026-27
A2: SK ID 01: PATEL KETAN CHANDUBHAI
A3: SR.NO | B3: Form ID | C3: YUVAK NAME | D3: BIRTH DATE | E3: ADDRESS | F3: MOBILE | G3: WHATSAPP | H3: HOME PHONE | I3: EDUCATION DETAIL | J3: 3-Apr | K3: 10-Apr | L3: 17-Apr | M3: TOTAL PRESENT
A4: 1 | B4: 1665 | C4: PATEL ARTH KALPESHKUMAR | D4: 23-04-2001 | E4: A-2,MANINAGAR SOCIETY,NEAR BAKULPARK | F4: 9408150896 | G4: 9408150896 | H4: 6352367647 | I4: JOB | M4: =COUNTIF(J4:L4,"P")
A5: 2 | B5: 211 | C5: AMIN YAGNESH RASHMIKANT | D5: 22-10-1990 | E5: 44, SNEH SMRUTI SOCIETY SUBHANPURA | F5: 8000261959 | G5: 8000261959 | H5: 9998054730 | I5: JOB | M5: =COUNTIF(J5:L5,"P")
A6: 3 | B6: 2734 | C6: PATEL DHRUV ANILBHAI | D6: 20-09-2007 | E6: A/3,BECHARBHAI PARK SOCIETY,GORWA | F6: 9998281148 | G6: 9998281148 | H6: 8780467977 | I6: 11th | M6: =COUNTIF(J6:L6,"P")
A7: 4 | B7: 205 | C7: PATEL DARSHAN VINODBHAI | D7: 30-03-1995 | E7: E-32,NARMADA NAGARI-1 NEAR ITI GORWA | F7: 9974486188 | G7: 9974486188 | H7: 9426370418 | I7: JOB | M7: =COUNTIF(J7:L7,"P")
A8: 5 | B8: 1745 | C8: PATEL DIVYA PRAGNESHBHAI | D8: 22-03-2004 | E8: B - 19, DAHIBA NAGAR SOCIETY, NR.SAHYOG HOSPITAL | F8: 9898478432 | G8: 9898478432 | H8: 9714628293 | I8: B.E(Computer) 8th Sem | M8: =COUNTIF(J8:L8,"P")
A9: 6 | B9: 194 | C9: PATEL DHRUVKUMAR UMESHBHAI | D9: 11-06-1998 | E9: 45,PRAGATINAGAR SOCIETY, GORWA | F9: 7990734147 | G9: 7990734147 | H9: 9737560410 | I9: JOB | M9: =COUNTIF(J9:L9,"P")
A10: 7 | B10: 1671 | C10: GOHIL PRATHAM ARVINDBHAI | D10: 22-09-2003 | E10: VIJAY NAGAR LAXMIPURA ROAD | F10: 7359057630 | G10: 7359057630 | H10: 9909593677 | I10: JOB | M10: =COUNTIF(J10:L10,"P")
C11: TOTAL PRESENT | J11: =COUNTIF(J4:J10,"P") | K11: =COUNTIF(K4:K10,"P") | L11: =COUNTIF(L4:L10,"P") | M11: =SUM(M4:M10)

Sheet 2
A1: YUVAK SAMPARK LIST 2026-27
A2: SK ID 02: PATEL ARTH KALPESHKUMAR
A3: SR.NO | B3: Form ID | C3: YUVAK NAME | D3: BIRTH DATE | E3: ADDRESS | F3: MOBILE | G3: WHATSAPP | H3: HOME PHONE | I3: EDUCATION DETAIL | J3: 3-Apr | K3: 10-Apr | L3: 17-Apr | M3: TOTAL PRESENT
A4: 1 | B4: 1674 | C4: PATEL HET YOGESHBHAI | D4: 30-10-2002 | E4: 14 JAY AMBE SOCIETY, GORWA | F4: 9662097607 | G4: 9662097607 | H4: 9998629620 | I4: B.Com (5th sem) | M4: =COUNTIF(J4:L4,"P")
A5: 2 | B5: 1743 | C5: GOHIL DIVYARAJSINH JANAKSINH | D5: 09-07-2004 | E5: 128/ SHANTI NAGAR, GORWA | F5: 6351776405 | G5: 6351776405 | H5: 9974459033 | I5: B.E 1st sem | M5: =COUNTIF(J5:L5,"P")
A6: 3 | B6: 2720 | C6: PARMAR KUNJALSINH NARVEERSINH | D6: 30-07-2008 | E6: 170,ANMOLNAGAR,G.H.B. | F6: 8780468590 | G6: 8780468590 | H6: 9898386673 | I6: 12th | M6: =COUNTIF(J6:L6,"P")
A7: 4 | C7: PANCHAL JIMIL HITESHBHAI | D7: 04-09-2006 | E7: D-404,SANSKRUTI RESIDENCY,OPP.HARIDHAM MANDIR | F7: 7041865216 | G7: 7041865216 | I7: DIP(MECH.) 3rd YEAR | M7: =COUNTIF(J7:L7,"P")
A8: 5 | C8: SINDHA VANSHRAJ | F8: 9904221857 | H8: 9624894510 | M8: =COUNTIF(J8:L8,"P")
A9: 6 | C9: SOLANKI RAJNEEL VIRENDRASINH | D9: 04-06-2009 | E9: C-114,RADHAKRISHNA SOCIETY,SAHYOG | F9: 9712225467 | G9: 9712225467 | I9: DIP 1ST YEAR | M9: =COUNTIF(J9:L9,"P")
A10: 7 | C10: LASHKARI MEET HITESHBHAI | D10: 06-02-2006 | E10: 309,JIVABHAI PARK FLAT | F10: 9265929382 | G10: 9265929382 | H10: 8487011955 | I10: B.E(Mech) 2nd year | M10: =COUNTIF(J10:L10,"P")
A11: 8 | C11: JOSHI RUSHI AMITBHAI | D11: 06-11-2008 | E11: C-5 SAHYOG VATIKA,BESIDE BAKUL PARK,SAHYOG | F11: 7016611725 | G11: 7016611725 | H11: 9998004523 | I11: 12th | M11: =COUNTIF(J11:L11,"P")
A12: 9 | C12: Panchal Akshar Kalpeshbhai | D12: 27-9-2010 | E12: B-17 Shantinagar Society | F12: 9998970107 | G12: 9998970107 | H12: 8160413835 | I12: 10th | M12: =COUNTIF(J12:L12,"P")
A13: 10 | C13: Patel Henil Bhartbhai | D13: 13-07-2010 | E13: A/121 AARDHANA DUPLEX LAXMIPURA ROAD | F13: 9316887823 | H13: 6353431905 | I13: 10th | M13: =COUNTIF(J13:L13,"P")
A14: 11 | C14: Chauhan Tirth Chetanbhai | D14: 21-09-2009 | E14: 2/19 Shree Ram park Society | F14: 9714363489 | I14: 10th | M14: =COUNTIF(J14:L14,"P")
A15: 12 | C15: PRAJAPATI SUJAL VISHALBHAI | D15: 09-08-2011 | E15: I/705 Swamivivekanand Hights | F15: 8401099917 | I15: 9th | M15: =COUNTIF(J15:L15,"P")
A16: 13 | C16: UPADHYAY DHAIVIK HEMALBHAI | F16: 8316233516 | I16: 9th | M16: =COUNTIF(J16:L16,"P")
A17: 14 | C17: PATEL ANSH AATISHBHAI | E17: 22-SHANTINAGAR, GORWA | F17: 9277603521 | G17: 9277603521 | I17: 10TH | M17: =COUNTIF(J17:L17,"P")
C18: TOTAL PRESENT | J18: =COUNTIF(J4:J17,"P") | K18: =COUNTIF(K4:K17,"P") | L18: =COUNTIF(L4:L17,"P") | M18: =SUM(M4:M17)

Sheet 3
A1: YUVAK SAMPARK LIST 2026-27
A2: SK ID 03: PATEL DHRUV ANILBHAI
A3: SR.NO | B3: Form ID | C3: YUVAK NAME | D3: BIRTH DATE | E3: ADDRESS | F3: MOBILE | G3: WHATSAPP | H3: HOME PHONE | I3: EDUCATION DETAIL | J3: 3-Apr | K3: 10-Apr | L3: 17-Apr | M3: TOTAL PRESENT
A4: 1 | B4: 2443 | C4: THAKKAR PARTH JAYSHREEBEN | D4: 20-01-2006 | E4: 2/50, VISHWAKUNJ SOCIETY, GORWA | F4: 7874615973 | G4: 7874615973 | H4: 7487855367 | I4: BTECH 3rd Year | M4: =COUNTIF(J4:L4,"P")
A5: 2 | B5: 2718 | C5: PATEL DHAIRYA PRITESHBHAI | D5: 10-04-2007 | E5: 87,SNEH SMRUTI SOCIETY,SUBHANPURA | F5: 9313423530 | G5: 9687743443 | H5: 7600027089 | I5: B Com 1st Year | M5: =COUNTIF(J5:L5,"P")
A6: 3 | B6: 2735 | C6: PATEL MAHARSHI MUKESHBHAI | D6: 25-05-2007 | E6: A/2,BECHARBHAI PARK SOCIETY,GORWA | F6: 9426372674 | G6: 7041680338 | H6: 9426372674 | I6: CE 1st Year | M6: =COUNTIF(J6:L6,"P")
A7: 4 | C7: THAKKAR MEET JAYSHREEBEN | D7: 17-04-2007 | E7: 2/50, VISHWAKUNJ SOCIETY, GORWA | F7: 7487855367 | G7: 7487855367 | H7: 7487855367 | I7: Diploma 2nd year | M7: =COUNTIF(J7:L7,"P")
A8: 5 | C8: Patel Vandan Mittalbhai | D8: 10-05-2009 | E8: 33-Narayan Nagar so, Gorwa | F8: 8780636828 | G8: 8780636828 | H8: 9724319528 | I8: 11TH(sci) | M8: =COUNTIF(J8:L8,"P")
A9: 6 | C9: Solanki Indrajit Jashvantbhai | E9: Solanki Fadyu | F9: 9824173213 | I9: 9th | M9: =COUNTIF(J9:L9,"P")
A10: 7 | C10: Parmar Aditya Maheshbhai | E10: Lalji Mandir Fadyu | F10: 9737008070 | I10: 9th | M10: =COUNTIF(J10:L10,"P")
A11: 8 | C11: PATEL SHIV Harishkumar | D11: 06-11-2006 | E11: A-4,ABHAY NAGAR | F11: 9265228280 | G11: 9265228280 | H11: 9427847019 | I11: B.Sc(Sem-5) | M11: =COUNTIF(J11:L11,"P")
A12: 9 | C12: CHAUHAN RAJIVIR DILIPSINH | E12: GORWA GAM NI PACHAD | F12: 9106852333 | I12: 9TH | M12: =COUNTIF(J12:L12,"P")
A13: 10 | C13: CHAUHAN DARSH MAHESHBHAI | E13: 53 NARAYAN NAGAR | F13: 9662780553 | I13: 9TH | M13: =COUNTIF(J13:L13,"P")
A14: 11 | C14: SOLANKI GAUTAM ALPESHBHAI | E14: LALAJI MANDIR FADIYU | F14: 7600313370 | M14: =COUNTIF(J14:L14,"P")
C15: TOTAL PRESENT | J15: =COUNTIF(J4:J14,"P") | K15: =COUNTIF(K4:K14,"P") | L15: =COUNTIF(L4:L14,"P") | M15: =SUM(M4:M14)

Sheet 4
A1: YUVAK SAMPARK LIST 2026-27
A2: SK ID 04: PATEL DARSHAN VINODBHAI
A3: SR.NO | B3: Form ID | C3: YUVAK NAME | D3: BIRTH DATE | E3: ADDRESS | F3: MOBILE | G3: WHATSAPP | H3: HOME PHONE | I3: EDUCATION DETAIL | J3: 3-Apr | K3: 10-Apr | L3: 17-Apr | M3: TOTAL PRESENT
A4: 1 | B4: 150 | C4: PATEL PARTH DINESHBHAI (BK) | D4: 09-01-1999 | E4: B-23, NARMADANAGARI-2 NEAR ITI GORWA | F4: 9662494649 | G4: 9662494649 | H4: 9998009101 | I4: BE (Mechanical) Completed | M4: =COUNTIF(J4:L4,"P")
A5: 2 | B5: 1395 | C5: PATEL VASANT PRAVINBHAI | D5: 12-09-1992 | E5: 1,SHARDA PARK SOCIETY, B/H ARUNACHAL SOCIETY, SUBHANPURA | F5: 9601988696 | G5: 9601988696 | H5: 9725043533 | I5: Business | M5: =COUNTIF(J5:L5,"P")
A6: 3 | C6: PATEL JENISH HARESHBHAI | D6: 26-07-1999 | E6: C-33,VITTHALESH BUNGLOWS,B/H KASHIDHAM | F6: 9998054985 | G6: 9998054985 | I6: B.TECH(MECH) | M6: =COUNTIF(J6:L6,"P")
A7: 4 | C7: BOKALANI AADIYA DINESHBHAI | E7: B-27 NARMADANAGARI | F7: 7874696961 | M7: =COUNTIF(J7:L7,"P")
A8: 5 | C8: PATEL NITYA | F8: 9313997712 | M8: =COUNTIF(J8:L8,"P")
C9: TOTAL PRESENT | J9: =COUNTIF(J4:J8,"P") | K9: =COUNTIF(K4:K8,"P") | L9: =COUNTIF(L4:L8,"P") | M9: =SUM(M4:M8)

Sheet 5
A1: YUVAK SAMPARK LIST 2026-27
A2: SK ID 05: PATEL DIVYA PRAGANESHBHAI
A3: SR.NO | B3: Form ID | C3: YUVAK NAME | D3: BIRTH DATE | E3: ADDRESS | F3: MOBILE | G3: WHATSAPP | H3: HOME PHONE | I3: EDUCATION DETAIL | J3: 3-Apr | K3: 10-Apr | L3: 17-Apr | M3: TOTAL PRESENT
A4: 1 | B4: 1402 | C4: DARJI TARANG BABUBHAI | D4: 14-09-1999 | E4: 211,ASHIRWAD NAGAR SOCIETY | F4: 9870053180 | G4: 9870053180 | H4: 9898720511 | I4: JOB | M4: =COUNTIF(J4:L4,"P")
A5: 2 | B5: 200 | C5: PATEL TIRTH BHARATBHAI | D5: 22-12-2000 | E5: 144, ASHIRVAD NAGAR SOCIETY | F5: 7383955643 | G5: 7383955643 | H5: 9979938817 | I5: JOB | M5: =COUNTIF(J5:L5,"P")
A6: 3 | B6: 2719 | C6: PATEL MIHIR RAJENDRABHAI | D6: 04-08-2008 | E6: 189,ASHIRVAD NAGAR SOCIETY | F6: 9624940583 | G6: 9624940583 | H6: 9737117857 | I6: DIPLOMA | M6: =COUNTIF(J6:L6,"P")
A7: 4 | C7: SUTHAR PRINCE DIPAKBHAI | D7: 13-11-2009 | E7: 368 RANCHHODRAI NAGAR,GORWA | F7: 8200730718 | G7: 8200730718 | H7: 9537826470 | I7: 11TH Sci | M7: =COUNTIF(J7:L7,"P")
A8: 5 | C8: PATEL HARSHIL Nayanbhai | D8: 24-9-2008 | E8: B-3 Darpan Vatika Society, Nr Sapna na Vavetar,Laxmipura Road,Gorwa | F8: 9426824413 | G8: 9426824413 | H8: 8200149960 | I8: 12th Sci | M8: =COUNTIF(J8:L8,"P")
A9: 6 | C9: Dhruv Panchal | D9: 23-04-2011 | E9: C-75,BHAGYALAXMI SOC | F9: 9601627755 | G9: 9601627755 | H9: 9512443854 | I9: 8th | M9: =COUNTIF(J9:L9,"P")
A10: 7 | C10: MOHITE YOGESH | D10: 23-06-1997 | E10: 204, Divyasankul Appartment, ne Amar car show room,Gorwa | F10: 7048221641 | G10: 7048221641 | H10: 7048221641 | I10: JOB | M10: =COUNTIF(J10:L10,"P")
A11: 8 | C11: PATEL JAINAM BRIJESHBHAI | D11: 26-04-2011 | E11: A-58 BHAGYALAXMI SOC | F11: 9265575181 | G11: 9265575181 | H11: 9265575181 | I11: 9TH | M11: =COUNTIF(J11:L11,"P")
C12: TOTAL PRESENT | J12: =COUNTIF(J4:J11,"P") | K12: =COUNTIF(K4:K11,"P") | L12: =COUNTIF(L4:L11,"P") | M12: =SUM(M4:M11)

Sheet 6
A1: YUVAK SAMPARK LIST 2026-27
A2: SK ID 06: PATEL DHRUVKUMAR UMESHBHAI
A3: SR.NO | B3: Form ID | C3: YUVAK NAME | D3: BIRTH DATE | E3: ADDRESS | F3: MOBILE | G3: WHATSAPP | H3: HOME PHONE | I3: EDUCATION DETAIL | J3: 3-Apr | K3: 10-Apr | L3: 17-Apr | M3: TOTAL PRESENT
A4: 1 | B4: 201 | C4: BHATIYA KISHANKUMAR MUKESHBHAI | D4: 01-05-1998 | E4: 24/546,RIDDHI-SIDDHI FLAT, GORWA | F4: 7874799462 | G4: 7874799462 | H4: 9558105610 | I4: BE (Electrical) Completed | M4: =COUNTIF(J4:L4,"P")
A5: 2 | B5: 1742 | C5: GOHIL JAY HITESHBHAI (BK) | D5: 24-09-2004 | E5: 21-477 / OM FLAT OPP.BHAILAL PARTY PLOT | F5: 8485932921 | G5: 8485932921 | H5: 9879791252 | I5: Diploma(4th) (IT) | M5: =COUNTIF(J5:L5,"P")
A6: 3 | B6: 2445 | C6: GURJAR RISHABH MANISHBHAI (BK) | D6: 22-05-2005 | E6: 1133,LAXMIKUNJ SOC. BEHIND AADARSH DUPLEX | F6: 9408760525 | G6: 9408760525 | H6: 8401362301 | I6: Diploma(5th) (IT) | M6: =COUNTIF(J6:L6,"P")
A7: 4 | B7: 2721 | C7: PATEL MAYUR TUSHARBHAI | D7: 02-06-2006 | E7: H/18,ADARSH DUPLEX,B/H SATYAM FLATS | F7: 8200255101 | G7: 8200255101 | H7: 9409027154 | I7: DIPLOMA(COM) 3rd | M7: =COUNTIF(J7:L7,"P")
A8: 5 | C8: LASHKARI OM ALPESHBHAI | D8: 05-07-2007 | E8: 70,PRAGATINAGAR SOCIETY | F8: 9408409563 | G8: 9408409563 | I8: 9TH | M8: =COUNTIF(J8:L8,"P")
A9: 6 | C9: GOHIL PARTH CHETANBHAI (BK) | D9: 27-11-2005 | E9: 26/751,SATYAM APARTMENT | F9: 9173291580 | G9: 9173291580 | I9: DIPLOMA(IT) 3rd | M9: =COUNTIF(J9:L9,"P")
C10: TOTAL PRESENT | J10: =COUNTIF(J4:J9,"P") | K10: =COUNTIF(K4:K9,"P") | L10: =COUNTIF(L4:L9,"P") | M10: =SUM(M4:M9)

Sheet 7
A1: YUVAK SAMPARK LIST 2026-27
A2: SK ID 07: PATOLIYA ANKUR CHANDULAL
A3: SR.NO | B3: Form ID | C3: YUVAK NAME | D3: BIRTH DATE | E3: ADDRESS | F3: MOBILE | G3: WHATSAPP | H3: HOME PHONE | I3: EDUCATION DETAIL | J3: 3-Apr | K3: 10-Apr | L3: 17-Apr | M3: TOTAL PRESENT
A4: 1 | B4: 1670 | C4: PATEL NEELKANTH AMITBHAI | D4: 08-08-2003 | E4: 2 GAYATRIKRUPA SOCIETY KARODIA ROAD | F4: 8780424495 | G4: 8780424495 | H4: 9925225802 | I4: B.E (Mech.) (5th) | M4: =COUNTIF(J4:L4,"P")
A5: 2 | B5: 2448 | C5: PATEL PANKAJ ALPESHBHAI | D5: 31-01-2005 | E5: E-101, LABH RESIDENCY-1, KARODIYA ROAD | F5: 9054940168 | G5: 9054940168 | H5: 9909361769 | I5: B.B.A 1st sem | M5: =COUNTIF(J5:L5,"P")
A6: 3 | B6: 2722 | C6: UKANI DHRUV JAGDISHBHAI | D6: 29-10-2006 | E6: 5, ALEMBIC NAGAR,NR.C.K.PRAJAPTI SCHOOL | F6: 7405198242 | G6: 1405198242 | H6: 9033419568 | I6: 11th commerce | M6: =COUNTIF(J6:L6,"P")
A7: 4 | C7: VERMA PRIYANSHU HARISH | D7: 17-07-2009 | E7: D-9,NIPA TENAMENT,KARODIYA ROAD | F7: 9725659995 | G7: 9725659995 | I7: 9TH | M7: =COUNTIF(J7:L7,"P")
A8: 5 | C8: MAKWANA HARSH DHIRUBHAI | D8: 06-01-2007 | E8: A-7,SILVERPARK SOCIETY,KARODIYA ROAD | F8: 9624603018 | G8: 9624603018 | I8: 12TH COMMERCE | M8: =COUNTIF(J8:L8,"P")
A9: 6 | C9: PATEL DEV PRAGNESHBHAI | D9: 22-06-2003 | E9: PATEL FALIYU,B/H JALARAM MANDIR,SUBHANPURA | F9: 7226939708 | G9: 7226939708 | I9: B.COM | M9: =COUNTIF(J9:L9,"P")
A10: 7 | C10: Patel Kirtan Amitkumar | E10: 2 GAYATRIKRUPA SOCIETY KARODIA ROAD | I10: 9th | M10: =COUNTIF(J10:L10,"P")
C11: TOTAL PRESENT | J11: =COUNTIF(J4:J10,"P") | K11: =COUNTIF(K4:K10,"P") | L11: =COUNTIF(L4:L10,"P") | M11: =SUM(M4:M10)

Sheet 8
A1: YUVAK SAMPARK LIST 2026-27
A2: SK ID 08: RATHVA HARDIK RAYSINGBHAI
A3: SR.NO | B3: Form ID | C3: YUVAK NAME | D3: BIRTH DATE | E3: ADDRESS | F3: MOBILE | G3: WHATSAPP | H3: HOME PHONE | I3: EDUCATION DETAIL | J3: 3-Apr | K3: 10-Apr | L3: 17-Apr | M3: TOTAL PRESENT
A4: 1 | B4: 167 | C4: VAGHELA HARSHRAJSINH PRADEEPSINH (BK) | D4: 07-12-1998 | E4: C-36,PRAMUKHPARK-1, LAXMIPURA ROAD | F4: 7284027546 | G4: 7284027546 | H4: 9898584666 | I4: MBBS-Completed | M4: =COUNTIF(J4:L4,"P")
A5: 2 | B5: 217 | C5: BRAHMBHATT PARTH DHARMENDRABHAI | D5: 20-02-2003 | E5: C-94, KUNJ VILLA TOWNSHIP LAXMIPURA ROAD | F5: 8200677507 | G5: 8200677507 | H5: 9510652893 | I5: B.Com(T.Y) | M5: =COUNTIF(J5:L5,"P")
A6: 3 | B6: 1669 | C6: PATEL JIGNASU AJAYBHAI (BK) | D6: 22-01-2004 | E6: C/28 NARMADA PARK SOCIETY, PANCHVATI | F6: 9409804278 | G6: 9409804278 | H6: 9428355078 | I6: B.Sc (5th) | M6: =COUNTIF(J6:L6,"P")
A7: 4 | B7: 1672 | C7: VARIYA PRADIP JITENDRABHAI | D7: 21-11-2003 | E7: 246 MADHAV PARK SOCIETY LAXMIPURA ROAD | F7: 9638377721 | G7: 9638377721 | H7: 9712187930 | I7: B.Sc (5th) | M7: =COUNTIF(J7:L7,"P")
A8: 5 | B8: 1677 | C8: PANCHAL RUTVIK RAKESHKUMAR (BK) | D8: 07-11-1999 | E8: J/26 NARMADA PARK SOCIETY - 2, GORWA | F8: 9081487644 | G8: 9081487644 | H8: 9904841072 | I8: M.Sc completed | M8: =COUNTIF(J8:L8,"P")
A9: 6 | B9: 1678 | C9: LIMBACHIYA NIKUNJ JASVANTBHAI (BK) | D9: 03-09-1992 | E9: 58/ SONIYA NAGAR, PANCHVATI | F9: 8460165562 | G9: 8460165562 | H9: 7984617273 | I9: Job | M9: =COUNTIF(J9:L9,"P")
A10: 7 | B10: 1720 | C10: VARIYA HARDIK JITENDRAKUMAR | D10: 01-01-2002 | E10: 246 / MADHAV PARK SOCIETY, LAXMIPURA ROAD | F10: 8980234789 | G10: 8980234789 | H10: 7990683410 | I10: JOB (OUT OF CITY) | M10: =COUNTIF(J10:L10,"P")
A11: 8 | B11: 2730 | C11: VADAND RUDRA KAUSHIKBHAI | D11: 29-08-2006 | E11: VALAND FALIYU,OPP.RANCHODJI MANDIR, GORWA GAM | F11: 9879665043 | G11: 9879665043 | H11: 9099546007 | I11: 12TH (COM.) | M11: =COUNTIF(J11:L11,"P")
A12: 9 | B12: 2449 | C12: PARMAR SUJAL THAKORBHAI | D12: 25-07-2005 | E12: L-15 SHIVDARSHAN SOC.,LAXMIPURA ROAD. | F12: 7862872620 | G12: 7862872620 | H12: 9825219855 | I12: DIPLOMA (6th) CHEMICAL | M12: =COUNTIF(J12:L12,"P")
A13: 10 | C13: PADHIYAR MANTHAN BIPINBHAI | D13: 26-04-2007 | E13: A/7 PRAMUKHPARK -2 SOCIETY,SAHYOG | F13: 9925046913 | G13: 9925046913 | I13: DIPLOMA (ELEC.) 1st SEM | M13: =COUNTIF(J13:L13,"P")
A14: 11 | C14: RATHVA DHAIRYA | D14: 29-11-2008 | E14: 3,Shiv Duplex,Laxmipura ROad,Gorwa | F14: 8238577693 | G14: 8238577693 | H14: 9913805014 | I14: 12 sci | M14: =COUNTIF(J14:L14,"P")
C15: TOTAL PRESENT | J15: =COUNTIF(J4:J14,"P") | K15: =COUNTIF(K4:K14,"P") | L15: =COUNTIF(L4:L14,"P") | M15: =SUM(M4:M14)

Sheet 9
A1: YUVAK SAMPARK LIST 2026-27
A2: SK ID 09: RAJ RAVI JAYESHBHAI
A3: SR.NO | B3: Form ID | C3: YUVAK NAME | D3: BIRTH DATE | E3: ADDRESS | F3: MOBILE | G3: WHATSAPP | H3: HOME PHONE | I3: EDUCATION DETAIL | J3: 3-Apr | K3: 10-Apr | L3: 17-Apr | M3: TOTAL PRESENT
A4: 1 | B4: 177 | C4: PATEL PRUTH JETHABHAI (BK) | D4: 26-02-1997 | E4: D-19,NIPA TENAMENT-2, GORWA | F4: 7990127054 | G4: 7990127054 | H4: 7990127054 | I4: BE - Completed | M4: =COUNTIF(J4:L4,"P")
A5: 2 | B5: 184 | C5: GAJJAR VISHAL RAKESHBHAI | D5: 14-08-2001 | E5: E-94,JANAKPURI SOCIETY NEAR NARMADA CANAL | F5: 8320218906 | G5: 8320218906 | H5: 9725278337 | I5: ITI(Welder) | M5: =COUNTIF(J5:L5,"P")
A6: 3 | B6: 185 | C6: GAJJAR YOGESH RAKESHBHAI (BK) | D6: 12-05-1998 | E6: E-94,JANAKPURI SOCIETY NEAR NARMADA CANAL | F6: 9664802823 | G6: 7984729669 | H6: 9725278337 | I6: JOB | M6: =COUNTIF(J6:L6,"P")
A7: 4 | B7: 207 | C7: PAREKH YASH HITESHBHAI (BK) | D7: 05-01-2000 | E7: E-87,JANAK PURI SOCIETY NEAR NARMADA CANAL | F7: 8128482570 | G7: 8128482570 | H7: 9913559795 | I7: JOB | M7: =COUNTIF(J7:L7,"P")
A8: 5 | B8: 2452 | C8: DARBAR VISHNUSINH ABHESINH | D8: 07-03-2006 | E8: 17- JANAKPURI SOCIETY-2, KARODIA ROAD | F8: 8160342797 | G8: 8160342797 | H8: 9724402797 | I8: B.A.(Sem-2) | M8: =COUNTIF(J8:L8,"P")
A9: 6 | C9: RATHOD JAY KARSHANBHAI | D9: 17-11-2007 | E9: 78, JANAKPURI SOCIETY | F9: 9978345066 | G9: 9978345066 | I9: 10TH | M9: =COUNTIF(J9:L9,"P")
A10: 7 | C10: MAHIDA AKSHAY AMITBHAI | D10: 24-04-2009 | E10: 202,KASHIDHAM SOCIETY,KARODIYA ROAD | F10: 8347453720 | G10: 8347453720 | I10: 9TH | M10: =COUNTIF(J10:L10,"P")
A11: 8 | C11: Rathod Harshil Karshanbhai | E11: 78, JANAKPURI SOCIETY | F11: 9978345066 | I11: 9th | M11: =COUNTIF(J11:L11,"P")
A12: 9 | C12: Sisodiya Dhruvil Ravindrasinh | E12: 45 Janakpuri-2, Madhunagar | F12: 8200406231 | I12: 9th | M12: =COUNTIF(J12:L12,"P")
A13: 10 | C13: CHAUHAN RUDAR LALITBHAI | E13: B-33 JANAKPURI | F13: 7201814518 | M13: =COUNTIF(J13:L13,"P")
A14: 11 | C14: RAVAT MAYANK MANSINHBHAI | E14: B-70 NILESHNAGAR | F14: 6353782969 | M14: =COUNTIF(J14:L14,"P")
A15: 12 | C15: MAKWANA BHAVYA SATISHBHAI | E15: A-11, MARUTI SOCIETY, BESIDE OMKAR FLATS, PANCHVATI | F15: 7600033236 | G15: 7600033236 | H15: 7600033236 | I15: 10TH | M15: =COUNTIF(J15:L15,"P")
A16: 13 | C16: HATHILA DAKSHESH BHARATBHAI | E16: 11,JANAK PURI SOCIETY-2, NEAR NARMADA CANAL | F16: 9925082874 | G16: 9925082874 | H16: 9925082874 | I16: 10TH | M16: =COUNTIF(J16:L16,"P")
A17: 14 | C17: Tirth Mahida | M17: =COUNTIF(J17:L17,"P")
C18: TOTAL PRESENT | J18: =COUNTIF(J4:J17,"P") | K18: =COUNTIF(K4:K17,"P") | L18: =COUNTIF(L4:L17,"P") | M18: =SUM(M4:M17)

Sheet 10
A1: YUVAK SAMPARK LIST 2026-27
A2: SK ID 10: PATEL HENIL SHAILESHBHAI
A3: SR.NO | B3: Form ID | C3: YUVAK NAME | D3: BIRTH DATE | E3: ADDRESS | F3: MOBILE | G3: WHATSAPP | H3: HOME PHONE | I3: EDUCATION DETAIL | J3: 3-Apr | K3: 10-Apr | L3: 17-Apr | M3: TOTAL PRESENT
A4: 1 | B4: 2451 | C4: PATEL HARI YOGESHBHAI (BK) | D4: 21-11-2005 | E4: TAKI WALU FALIYU TIMBA KHADKI GORWA GAM | F4: 9558823134 | G4: 9558823134 | H4: 9313442256 | I4: DIPLOMA (5th) Ele.Eng | M4: =COUNTIF(J4:L4,"P")
A5: 2 | B5: 2453 | C5: PATEL RAVI BHARATBHAI | D5: 15-05-2003 | E5: BAMAN FALIYU , AZAD KHADKI, NR BHATHIJI TEMPLE | F5: 9978402453 | G5: 9978402453 | H5: 9265687395 | I5: Diploma(Mech) 7th sem | M5: =COUNTIF(J5:L5,"P")
A6: 3 | B6: 148 | C6: NAYEE VIPUL JAYESHBHAI | D6: 21-05-1993 | E6: SARDAR CHOWK KUMBHARWADA GORWA | F6: 9904837414 | G6: 9904837414 | H6: 9824253990 | I6: JOB | M6: =COUNTIF(J6:L6,"P")
A7: 4 | B7: 156 | C7: PAREKH YASH RAJNIKUMAR | D7: 02-10-2000 | E7: 214,ANANDNAGAR GORWA HOUSING BOARD GORWA | F7: 7228945673 | G7: 7228945673 | H7: 9662765584 | I7: MBA - Completed | M7: =COUNTIF(J7:L7,"P")
A8: 5 | B8: 1731 | C8: DURVE CHINTAN DILIPBHAI | D8: 20-02-1999 | E8: 6-265/DIVYA DARSHAN SOCIETY, GORWA | F8: 7405679779 | G8: 7405679779 | H8: 9898119738 | I8: JOB | M8: =COUNTIF(J8:L8,"P")
A9: 6 | B9: 1722 | C9: DARJI BANISH DILIPBHAI | D9: 16-01-2003 | E9: 51/ JAY SATYANARAYAN SOCIETY NR.NARAYAN NAGAR | F9: 8980627135 | G9: 8980627135 | H9: 9998148814 | I9: B.E 5thsem | M9: =COUNTIF(J9:L9,"P")
A10: 7 | B10: 2447 | C10: SOLANKI DARSHAN HARMANBHAI | D10: 23-02-2004 | E10: 16, NARAYAN NAGAR SOCIETY | F10: 7990834462 | G10: 7990834462 | H10: 9426633057 | I10: Graphic design (1st) | M10: =COUNTIF(J10:L10,"P")
A11: 8 | B11: 149 | C11: DESAI KRUNAL RAMESHBHAI | D11: 26-08-1989 | E11: 36 JAY AMBE SOCIETY,DASHAMA CHOKDI,GORWA 390016 | F11: 9925319992 | G11: 9925319992 | H11: 8200202264 | I11: JOB | M11: =COUNTIF(J11:L11,"P")
A12: 9 | C12: PATEL PARAM SHAILESHBHAI | E12: 1/44 VIKASH NAGAR | F12: 9924905856 | M12: =COUNTIF(J12:L12,"P")
C13: TOTAL PRESENT | J13: =COUNTIF(J4:J12,"P") | K13: =COUNTIF(K4:K12,"P") | L13: =COUNTIF(L4:L12,"P") | M13: =SUM(M4:M12)

Sheet 11
A1: YUVAK SAMPARK LIST 2026-27
A2: SK ID 11: PARMAR SHASHANK
A3: SR.NO | B3: Form ID | C3: YUVAK NAME | D3: BIRTH DATE | E3: ADDRESS | F3: MOBILE | G3: WHATSAPP | H3: HOME PHONE | I3: EDUCATION DETAIL | J3: 3-Apr | K3: 10-Apr | L3: 17-Apr | M3: TOTAL PRESENT
A4: 1 | C4: PATEL NEEV PINALBHAI | E4: SECTOR-1, B-705, RELAINCE TOWNSHIP | F4: 9998985194 | G4: 9998985194 | H4: 9998985194 | I4: 10TH | M4: =COUNTIF(J4:L4,"P")
A5: 2 | C5: PATEL SWAYAM SATISHBHAI | F5: 7600624409 | M5: =COUNTIF(J5:L5,"P")
A6: 3 | C6: PATEL SHUBH BHAVESHBHAI | E6: B-165, BHAGYODAY SOCIETY, SAHYOG | F6: 9898948116 | G6: 9898948116 | H6: 9898948116 | I6: 10TH | M6: =COUNTIF(J6:L6,"P")
A7: 4 | C7: RATHOD PRIT YOGESHBHAI | F7: 9638752207 | M7: =COUNTIF(J7:L7,"P")
A8: 5 | C8: PARMAR YUVRAJ MANOJBHAI | E8: KAROIYA SHIV MANDIRE NI SAME | F8: 7984794530 | G8: 7984794530 | H8: 7984794530 | I8: 9TH | M8: =COUNTIF(J8:L8,"P")
C9: TOTAL PRESENT | J9: =COUNTIF(J4:J8,"P") | K9: =COUNTIF(K4:K8,"P") | L9: =COUNTIF(L4:L8,"P") | M9: =SUM(M4:M8)

Sheet 12
A1: YUVAK SAMPARK LIST 2026-27
A2: SK ID 12: PATEL YASH KETANBHAI
A3: SR.NO | B3: Form ID | C3: YUVAK NAME | D3: BIRTH DATE | E3: ADDRESS | F3: MOBILE | G3: WHATSAPP | H3: HOME PHONE | I3: EDUCATION DETAIL | J3: 3-Apr | K3: 10-Apr | L3: 17-Apr | M3: TOTAL PRESENT
A4: 1 | B4: 2454 | C4: MAKWANA SOHAM KETANBHAI | D4: 20-11-2004 | E4: 18/B JALANAND TOWNSHIP | F4: 9429969398 | G4: 9429969398 | H4: 9429969398 | I4: 12TH Science | M4: =COUNTIF(J4:L4,"P")
A5: 2 | B5: 2732 | C5: CHAUHAN KRUNAL AMARSINH | D5: 06-01-2004 | E5: AMIN KHADKI,UNDERA | F5: 8849041631 | G5: 8849041631 | H5: 8320251669 | I5: MBA(Sem-2) | M5: =COUNTIF(J5:L5,"P")
A6: 3 | B6: 2458 | C6: NATHVANI JEET JAYESHBHAI | D6: 26-12-2003 | E6: C-61 SAROJ PARK | F6: 7567120438 | G6: 7567120438 | H6: 7352332608 | I6: BCA (5th) | M6: =COUNTIF(J6:L6,"P")
A7: 4 | B7: 1727 | C7: PANDYA NEEL MANISHBHAI | D7: 11-11-1999 | E7: ANAND FALIYU, UNDERA | F7: 9574284910 | G7: 9574284910 | H7: 9574346490 | I7: Job | M7: =COUNTIF(J7:L7,"P")
A8: 5 | B8: 2731 | C8: MAKWANA JAY KETANKUMAR | D8: 10-10-2008 | E8: B/18,JALANAND TOWNSHIP,REFINERY ROAD | F8: 9662540629 | G8: 9662540629 | H8: 9429969398 | I8: 10TH | M8: =COUNTIF(J8:L8,"P")
A9: 6 | C9: JADHAV TIRTH SHASHIKANTBHAI | D9: 28-07-2009 | E9: A-101,JANKINAGAR,BEHIND BARSANA FLAT | F9: 8000046478 | I9: 9TH | M9: =COUNTIF(J9:L9,"P")
A10: 7 | C10: ZALA KARMRAJ YOGENDRASINH | D10: 18-03-2005 | E10: B-28,JALANAND TOWNSHIP | F10: 8799614440 | I10: 12TH COMM | M10: =COUNTIF(J10:L10,"P")
A11: 8 | C11: CHUHAN PAVITRA VIKRAMBHAI | E11: UNDERA GAM | F11: 9316135599 | M11: =COUNTIF(J11:L11,"P")
A12: 9 | C12: Sharma Harsh Jitendra | E12: D/49 SHRI HARI TENEMENT . NR, PRATHAM SHRUSHTHI | F12: 9316346329 | I12: 9TH | M12: =COUNTIF(J12:L12,"P")
A13: 10 | C13: Vadand PREET | D13: 02-12-2010 | F13: 9313154430 | M13: =COUNTIF(J13:L13,"P")
A14: 11 | C14: Bhatt Soham Anilbhai | E14: 95- Pratham Shrshti | F14: 9638360614 | I14: 9th | M14: =COUNTIF(J14:L14,"P")
A15: 12 | C15: Padhiyar Vraj Dineshbhai | E15: F-141 Pushpak Township, Undera | F15: 9998965784 | I15: 9TH | M15: =COUNTIF(J15:L15,"P")
A16: 13 | C16: TADVI MAYUR VIJAYBHAI | E16: B-148, SAROJPARK-2, UNDERA | F16: 9924546497 | G16: 9924546497 | H16: 9924546497 | I16: 10TH | M16: =COUNTIF(J16:L16,"P")
A17: 14 | C17: Rajput Suchit Mehulbhai | E17: B-64 Pushpak Township, Undera | F17: 9875184681 | I17: 9TH | M17: =COUNTIF(J17:L17,"P")
A18: 15 | C18: SOLANKI VEDANT SANJAYBHAI | E18: B-116 SAROJPARK-1, UNDERA | F18: 9998970810 | G18: 9998970810 | H18: 9998970810 | I18: 10TH | M18: =COUNTIF(J18:L18,"P")
A19: 16 | C19: YADAV HARSHIT DINESHBHAI | E19: F-114 Pushpak Township, Undera | F19: 9898664604 | M19: =COUNTIF(J19:L19,"P")
A20: 17 | C20: PRAJAPATI TIRTH PARESHBHAI | D20: 09-05-2009 | E20: C-102 ESHANYA FLORENZA | F20: 7600008045 | G20: 7600008046 | I20: 9TH | M20: =COUNTIF(J20:L20,"P")
A21: 18 | C21: Patel Om Kamleshbhai | D21: 13-6-2010 | E21: 16-sahaj Avenue Near Gyatri Petrol pump,Undera,vadodara | F21: 9427980715 | G21: 9427980715 | H21: 9924522082 | I21: 10TH | M21: =COUNTIF(J21:L21,"P")
A22: 19 | C22: PATEL NIHAL JIGNESHBHAI | E22: K-304 ISHANIYA | F22: 9824239491 | M22: =COUNTIF(J22:L22,"P")
A23: 20 | C23: HariKrishna | M23: =COUNTIF(J23:L23,"P")
A24: 21 | C24: PRAJAPATI HARSH JIGNESHBHAI | D24: 02-05-2009 | E24: 47-PRATHAM SHRUSHTI | F24: 7490033102 | I24: 9TH | M24: =COUNTIF(J24:L24,"P")
A25: 22 | C25: hiren rajput | M25: =COUNTIF(J25:L25,"P")
A26: 23 | C26: om Patel | M26: =COUNTIF(J26:L26,"P")
C27: TOTAL PRESENT | J27: =COUNTIF(J4:J26,"P") | K27: =COUNTIF(K4:K26,"P") | L27: =COUNTIF(L4:L26,"P") | M27: =SUM(M4:M26)

Sheet 13
A1: YUVAK SAMPARK LIST 2026-27
A2: SK ID 13: PARMAR SHUBHAM BHANUPRASAD
A3: SR.NO | B3: Form ID | C3: YUVAK NAME | D3: BIRTH DATE | E3: ADDRESS | F3: MOBILE | G3: WHATSAPP | H3: HOME PHONE | I3: EDUCATION DETAIL | J3: 3-Apr | K3: 10-Apr | L3: 17-Apr | M3: TOTAL PRESENT
A4: 1 | B4: 2736 | C4: PANCHAL SHIV VINODBHAI | D4: 02-11-2006 | E4: 206,ANKUR AVENUE,PANCHVATI | F4: 6352412446 | G4: 6352412446 | H4: 9825376149 | I4: DIPLOMA(COMP) 3rd SEM | M4: =COUNTIF(J4:L4,"P")
A5: 2 | B5: 2442 | C5: PATEL DEV RAJESHBHAI | D5: 26-07-2005 | E5: 1/18 GHANSHYAM PARK SOCIETY, B/H NARMADESHWAR | F5: 6354097734 | G5: 6354097734 | H5: 9974701325 | I5: B.E 1st sem | M5: =COUNTIF(J5:L5,"P")
A6: 3 | B6: 2714 | C6: PARMAR PUSHPENDRASINH VIRENDRASINH | D6: 14-09-2007 | E6: F/8 ASOPALAV SOCIETY,NR.PREMNAGAR,PANCHVATI | F6: 9925138570 | G6: 9925138570 | H6: 7623864616 | I6: DIPLOMA | M6: =COUNTIF(J6:L6,"P")
A7: 4 | B7: 2715 | C7: RATHVA AKSHAR NARAYANBHAI | D7: 16-01-2008 | E7: D-5 MIDLAND PARK,OPP.SHARNAM AVENUE,PANCHVATI | F7: 9327809491 | G7: 9327809491 | H7: 9924378331 | I7: 11th science | M7: =COUNTIF(J7:L7,"P")
A8: 5 | B8: 1744 | C8: PAREKH MANAV MANOJBHAI | D8: 27-05-2004 | E8: 1/14 - GHANSHYAM PARK SOCIETY, B/H NARMADESHWAR | F8: 9106618804 | G8: 9106618804 | H8: 9909411908 | I8: Diploma completed | M8: =COUNTIF(J8:L8,"P")
A9: 6 | B9: 2727 | C9: PRAJAPATI KRISHNA DEEPAKBHAI | D9: 15-04-2005 | E9: 3,KRISHNA TENAMENT,NR.GHANSHYAMPARK | F9: 8200946793 | G9: 8200946793 | H9: 9925012617 | I9: 12TH (SCI) | M9: =COUNTIF(J9:L9,"P")
A10: 7 | C10: PAREKH AYUSH VIMALBHAI | D10: 14-02-2005 | E10: 2/1449,UDAY PARK SOCIETY,PANCHVATI | F10: 9925328085 | G10: 9925328085 | I10: B.COM (1ST YEAR) | M10: =COUNTIF(J10:L10,"P")
A11: 8 | C11: PARMAR JAYENDRA | M11: =COUNTIF(J11:L11,"P")
A12: 9 | C12: SOLANKI PARTH PARESHBHAI | D12: 02-07-2006 | E12: C-42,SONIA NAGAR | F12: 9106417745 | G12: 9106417745 | H12: 6355418864 | I12: B.Tech 2ND YEAR | M12: =COUNTIF(J12:L12,"P")
A13: 10 | C13: PATEL DIVYA ALPESHBHAI | D13: 23-10-2007 | E13: 3/25 UDAY PARK,PANCHVATI | F13: 9998039953 | I13: 11TH (SCIENCE) | M13: =COUNTIF(J13:L13,"P")
A14: 11 | C14: Patel Yug Tarunbhai | E14: F/4 NAVDURAG SOC. LAXMIPURA | F14: 8849485809 | I14: 9th | M14: =COUNTIF(J14:L14,"P")
A15: 12 | C15: PATEL JENIL JATINBHAI | E15: F/12 ASHOPALV SOCIETY | F15: 9427591260 | M15: =COUNTIF(J15:L15,"P")
A16: 13 | C16: VADAND ARYA NIRAVBHAI | E16: F/21 ASHOPALV SOCIETY | F16: 9925600353 | M16: =COUNTIF(J16:L16,"P")
A17: 14 | C17: ARYA PRIYANSU PRAGNESHBHAI | F17: 7016165962 | M17: =COUNTIF(J17:L17,"P")
A18: 15 | C18: PRAJAPATI Shlok Dineshbhai | D18: 18-10-2010 | E18: 72-Soniya Nagar So. Panchvatti | F18: 7698447159 | G18: 7698447159 | H18: 9265311270 | I18: 10TH | M18: =COUNTIF(J18:L18,"P")
A19: 16 | C19: Parekh Naitik Vimalkumar | D19: 30-4-2010 | E19: 2/144,Uday Park so.,Panchvatti | F19: 7990096542 | G19: 7990096542 | H19: 9925328085 | I19: 10Th | M19: =COUNTIF(J19:L19,"P")
C20: TOTAL PRESENT | J20: =COUNTIF(J4:J19,"P") | K20: =COUNTIF(K4:K19,"P") | L20: =COUNTIF(L4:L19,"P") | M20: =SUM(M4:M19)

Sheet 14
A1: YUVAK SAMPARK LIST 2026-27
A2: SK ID 14: PATEL BHUPENDRABHAI NANUBHAI
A3: SR.NO | B3: Form ID | C3: YUVAK NAME | D3: BIRTH DATE | E3: ADDRESS | F3: MOBILE | G3: WHATSAPP | H3: HOME PHONE | I3: EDUCATION DETAIL | J3: 3-Apr | K3: 10-Apr | L3: 17-Apr | M3: TOTAL PRESENT
A4: 1 | B4: 2440 | C4: PATOLIYA ANKUR CHANDULAL | D4: 29-06-1997 | E4: 73, MAHEHWAR NAGAR | F4: 8758585218 | G4: 8758585218 | H4: 8758585218 | I4: JOB | M4: =COUNTIF(J4:L4,"P")
A5: 2 | B5: 165 | C5: RATHVA HARDIK RAYSINGBHAI | D5: 23-05-1996 | E5: A-7,INDRAPRASTH SOCIETY | F5: 9909036118 | G5: 9909036118 | H5: 9099013464 | I5: JOB | M5: =COUNTIF(J5:L5,"P")
A6: 3 | B6: 171 | C6: RAJ RAVI JAYESHBHAI | D6: 31-08-1992 | E6: B-3,SAMRUDDHI BUNGLOWS KARODIYA ROAD | F6: 9726859546 | G6: 9726859546 | H6: 9925121847 | I6: JOB | M6: =COUNTIF(J6:L6,"P")
A7: 4 | B7: 200 | C7: PATEL HENIL SHAILESHBHAI | D7: 09-05-2003 | E7: 1/44 OLD GUJARAT HOUSING BOARD,GORWA | F7: 9824905700 | G7: 9824905700 | H7: 9824905700 | I7: IELTS | M7: =COUNTIF(J7:L7,"P")
A8: 5 | B8: 161 | C8: PARMAR SHASHANK | F8: 9327441678 | M8: =COUNTIF(J8:L8,"P")
A9: 6 | B9: 1723 | C9: PATEL YASH KETANBHAI | D9: 11-07-2003 | E9: C-2/204/SAHAJ AVENUE, NR.TAKSH BUNGLOWS | F9: 9510249962 | G9: 9510249962 | H9: 9898048659 | I9: B.P.T (8th Sem) | M9: =COUNTIF(J9:L9,"P")
A10: 7 | B10: 2450 | C10: PARMAR SHUBHAM BHANUPRASAD | D10: 02-06-2002 | E10: C-98-SMRUTI SOCIETY,PANCHVATI | F10: 7777915866 | G10: 7777915866 | H10: 7777915866 | I10: M.Com | M10: =COUNTIF(J10:L10,"P")
A11: 8 | B11: 2441 | C11: RATHVA MEET VASANTBHAI | D11: 17-05-2005 | E11: 1/21 GHANSHYAM PARK SOCIETY, B/H NARMADESHWAR | F11: 9106385392 | G11: 9106385392 | H11: 9909593677 | I11: B.Pharma (2nd Sem) | M11: =COUNTIF(J11:L11,"P")
C12: TOTAL PRESENT | J12: =COUNTIF(J4:J11,"P") | K12: =COUNTIF(K4:K11,"P") | L12: =COUNTIF(L4:L11,"P") | M12: =SUM(M4:M11)

Sheet 15
A1: YUVAK SAMPARK LIST 2026-27
A2: UK 01:- Bhabhor kashyap Sureshbhai
A3: SR.NO | B3: Form ID | C3: YUVAK NAME | D3: BIRTH DATE | E3: ADDRESS | F3: MOBILE | G3: WHATSAPP | H3: HOME PHONE | I3: EDUCATION DETAIL | J3: 3-Apr | K3: 10-Apr | L3: 17-Apr | M3: TOTAL PRESENT
A4: 1 | C4: Bhabhor kashyap Sureshbhai | D4: 13-3-2000 | E4: B-301,Tower -B Shivalay Homes,Undera-Koyali Road,Undera,Vadodara | F4: 6353458540 | G4: 6353458540 | H4: 9979233921 | I4: MCA(Sem-2) | M4: =COUNTIF(J4:L4,"P")
A5: 2 | C5: Thakkar Shivam Mayankbhai | F5: 9499654083 | G5: 9499654083 | M5: =COUNTIF(J5:L5,"P")
A6: 3 | C6: Nayak Akshar | M6: =COUNTIF(J6:L6,"P")
A7: 4 | C7: Jadeja Dhruv Mukeshsinh | F7: 9601274961 | M7: =COUNTIF(J7:L7,"P")
A8: 5 | C8: Suthar Jyot | F8: 9054468226 | M8: =COUNTIF(J8:L8,"P")
A9: 6 | C9: Parekh Tushar Sunilbhai | M9: =COUNTIF(J9:L9,"P")
A10: 7 | C10: Jadeja Hardik Mukeshsinh | F10: 7043992195 | M10: =COUNTIF(J10:L10,"P")
A11: 8 | C11: Solanki Kirtan Prakashbhai | H11: 9978914746 | M11: =COUNTIF(J11:L11,"P")
A12: 9 | C12: Parekh Tushar Sunilbhai | F12: 9265095399 | M12: =COUNTIF(J12:L12,"P")
C13: TOTAL PRESENT | J13: =COUNTIF(J4:J12,"P") | K13: =COUNTIF(K4:K12,"P") | L13: =COUNTIF(L4:L12,"P") | M13: =SUM(M4:M12)

Sheet New
A1: NEW YUVAK LIST
A2: SR.NO | B2: YUVAK NAME | C2: BIRTH DATE | D2: ADDRESS | E2: MOBILE | F2: WHATSAPP | G2: HOME PHONE | H2: EDUCATION DETAIL | I2: REMARKS | J2: 3-Apr | K2: 10-Apr | L2: 17-Apr | M2: TOTAL PRESENT
A3: 1 | B3: PATEL VIRAL Mahendrabhai | C3: 1-1-1991 | D3: Timba khadki,Gorwa | E3: 9724872935 | F3: 9724872935 | G3: 9898525478 | H3: 12TH | M3: =COUNTIF(J3:L3,"P")
A4: 2 | B4: PATEL NAISAL | M4: =COUNTIF(J4:L4,"P")
A5: 3 | B5: PARMAR KAIVAL | M5: =COUNTIF(J5:L5,"P")
A6: 4 | B6: DHARMIK PATEL | M6: =COUNTIF(J6:L6,"P")
A7: 5 | B7: HARSH PARMAR | M7: =COUNTIF(J7:L7,"P")
A8: 6 | B8: PARJAPATI KIRTAN RAJNIKANTBHAI | C8: 18-08-2006 | E8: 9998039856 | M8: =COUNTIF(J8:L8,"P")
A9: 7 | B9: darshan | M9: =COUNTIF(J9:L9,"P")
A10: 8 | B10: Dhruv Patel - shahyog | M10: =COUNTIF(J10:L10,"P")
A11: 9 | B11: gautam | M11: =COUNTIF(J11:L11,"P")
A12: 10 | B12: jay thakkor | M12: =COUNTIF(J12:L12,"P")
A13: 11 | B13: Krushik Jrthwa | M13: =COUNTIF(J13:L13,"P")
A14: 12 | B14: meet patel | M14: =COUNTIF(J14:L14,"P")
A15: 13 | B15: Nikesh Patel | M15: =COUNTIF(J15:L15,"P")
A16: 14 | B16: Parmar Shashank Jitendrakumar | C16: 23-11-2001 | E16: 9327441678 | F16: 9327441678 | G16: 7622911659 | H16: Job | M16: =COUNTIF(J16:L16,"P")
A17: 15 | B17: Patel Vandan Mittalbhai | C17: 10-05-2009 | D17: 33-Narayan Nagar so, Gorwa | E17: 8780636828 | F17: 8780636828 | G17: 9724319528 | H17: 11TH(sci) | M17: =COUNTIF(J17:L17,"P")
A18: 16 | B18: shidhraj gohil | M18: =COUNTIF(J18:L18,"P")
B19: TOTAL PRESENT | J19: =COUNTIF(J3:J18,"P") | K19: =COUNTIF(K3:K18,"P") | L19: =COUNTIF(L3:L18,"P") | M19: =SUM(M3:M18)
